f;i;t;demand
2;323;0;1
55;417;0;1
74;434;0;1
79;433;0;1
3;322;1;1
4;138;1;1
13;104;1;1
21;5;1;1
77;432;1;1
2;323;2;2
3;322;2;2
4;138;2;1
5;131;2;1
52;278;2;1
54;409;2;1
72;179;2;1
83;431;2;1
3;322;3;2
5;131;3;1
40;175;3;1
4;138;4;1
52;278;4;2
73;221;4;1
1;319;5;1
2;323;5;7
3;322;5;11
4;138;5;7
5;131;5;5
12;131;5;1
13;104;5;7
22;347;5;1
23;139;5;1
25;328;5;1
32;84;5;1
47;245;5;1
52;278;5;7
53;411;5;1
58;382;5;2
59;14;5;1
71;214;5;2
73;221;5;1
75;433;5;1
77;432;5;1
79;433;5;1
83;431;5;1
2;323;6;5
3;322;6;6
4;138;6;10
5;131;6;4
11;133;6;1
13;104;6;5
15;302;6;1
16;203;6;1
19;137;6;1
35;87;6;3
36;117;6;1
39;180;6;1
40;175;6;2
42;300;6;1
50;249;6;1
52;278;6;6
54;409;6;2
55;417;6;1
56;325;6;1
66;159;6;1
67;132;6;1
68;69;6;1
72;179;6;3
73;221;6;2
83;431;6;1
2;323;7;11
3;322;7;3
4;138;7;7
5;131;7;1
8;118;7;1
12;131;7;1
13;104;7;4
18;348;7;1
29;365;7;1
30;330;7;2
31;83;7;1
35;87;7;1
39;180;7;2
46;271;7;2
51;246;7;2
52;278;7;7
53;411;7;1
58;382;7;1
61;29;7;1
66;159;7;1
68;69;7;1
70;68;7;2
72;179;7;1
73;221;7;1
81;431;7;1
2;323;8;15
3;322;8;13
4;138;8;14
5;131;8;8
7;119;8;1
9;132;8;1
12;131;8;1
13;104;8;6
15;302;8;1
18;348;8;1
19;137;8;1
21;5;8;1
27;81;8;1
28;371;8;1
29;365;8;3
30;330;8;3
32;84;8;1
39;180;8;3
40;175;8;1
42;300;8;1
46;271;8;1
49;261;8;3
50;249;8;1
52;278;8;18
53;411;8;3
54;409;8;5
55;417;8;2
56;325;8;1
58;382;8;2
61;29;8;1
62;13;8;1
63;24;8;1
64;8;8;1
70;68;8;1
72;179;8;2
73;221;8;2
74;434;8;1
75;433;8;1
78;433;8;1
82;431;8;1
2;323;9;24
3;322;9;12
4;138;9;11
5;131;9;18
6;140;9;1
7;119;9;1
12;131;9;4
13;104;9;16
14;112;9;1
19;137;9;1
25;328;9;1
27;81;9;1
30;330;9;3
33;85;9;2
36;117;9;1
38;167;9;1
39;180;9;1
40;175;9;2
42;300;9;1
44;263;9;1
46;271;9;1
48;260;9;2
49;261;9;1
50;249;9;2
51;246;9;5
52;278;9;13
53;411;9;2
54;409;9;2
55;417;9;2
57;389;9;1
58;382;9;2
59;14;9;1
60;9;9;1
61;29;9;1
64;8;9;1
65;46;9;1
69;70;9;1
72;179;9;3
73;221;9;3
74;434;9;1
77;432;9;1
79;433;9;1
82;431;9;1
1;319;10;1
2;323;10;23
3;322;10;21
4;138;10;16
5;131;10;15
6;140;10;1
11;133;10;1
12;131;10;1
13;104;10;22
15;302;10;1
16;203;10;2
20;345;10;1
26;326;10;1
29;365;10;2
30;330;10;2
31;83;10;1
33;85;10;1
36;117;10;1
37;87;10;1
39;180;10;3
40;175;10;3
45;262;10;1
46;271;10;1
47;245;10;1
49;261;10;1
50;249;10;2
51;246;10;1
52;278;10;9
53;411;10;1
54;409;10;1
55;417;10;4
56;325;10;1
58;382;10;6
60;9;10;1
68;69;10;1
72;179;10;1
73;221;10;2
74;434;10;2
76;434;10;1
77;432;10;1
78;433;10;2
80;434;10;1
81;431;10;1
83;431;10;1
2;323;11;8
3;322;11;10
4;138;11;15
5;131;11;12
6;140;11;2
9;132;11;1
12;131;11;2
13;104;11;17
18;348;11;1
20;345;11;1
21;5;11;2
23;139;11;1
27;81;11;1
28;371;11;1
29;365;11;2
30;330;11;1
31;83;11;1
33;85;11;1
36;117;11;1
38;167;11;1
40;175;11;2
41;298;11;1
42;300;11;1
50;249;11;1
51;246;11;4
52;278;11;18
53;411;11;1
54;409;11;1
55;417;11;1
57;389;11;1
58;382;11;3
59;14;11;2
61;29;11;1
62;13;11;1
63;24;11;2
65;46;11;2
69;70;11;4
70;68;11;2
71;214;11;1
72;179;11;3
73;221;11;2
74;434;11;1
76;434;11;1
77;432;11;1
80;434;11;1
2;323;12;17
3;322;12;13
4;138;12;17
5;131;12;22
7;119;12;1
8;118;12;2
10;132;12;1
12;131;12;1
13;104;12;7
14;112;12;2
16;203;12;1
17;345;12;1
20;345;12;1
29;365;12;4
31;83;12;1
32;84;12;1
37;87;12;1
40;175;12;1
43;301;12;1
45;262;12;1
47;245;12;1
48;260;12;1
49;261;12;3
51;246;12;4
52;278;12;11
53;411;12;3
54;409;12;2
55;417;12;1
58;382;12;3
59;14;12;1
61;29;12;1
62;13;12;1
65;46;12;1
71;214;12;1
72;179;12;2
73;221;12;7
75;433;12;1
80;434;12;1
82;431;12;1
83;431;12;1
1;319;13;1
2;323;13;4
3;322;13;8
4;138;13;14
5;131;13;11
6;140;13;1
11;133;13;1
12;131;13;1
13;104;13;11
14;112;13;2
15;302;13;1
17;345;13;1
18;348;13;1
23;139;13;1
25;328;13;1
29;365;13;1
30;330;13;2
31;83;13;1
32;84;13;1
35;87;13;1
37;87;13;1
39;180;13;1
41;298;13;1
42;300;13;1
43;301;13;1
49;261;13;1
51;246;13;2
52;278;13;16
54;409;13;5
55;417;13;1
56;325;13;1
57;389;13;1
58;382;13;3
62;13;13;1
64;8;13;2
67;132;13;1
71;214;13;1
72;179;13;3
73;221;13;4
74;434;13;1
2;323;14;13
3;322;14;15
4;138;14;12
5;131;14;10
12;131;14;2
13;104;14;13
16;203;14;1
26;326;14;2
27;81;14;2
29;365;14;2
30;330;14;1
36;117;14;1
38;167;14;1
39;180;14;5
40;175;14;2
43;301;14;1
44;263;14;1
47;245;14;1
48;260;14;1
50;249;14;3
51;246;14;2
52;278;14;15
53;411;14;2
54;409;14;1
55;417;14;2
62;13;14;1
72;179;14;2
73;221;14;2
74;434;14;1
77;432;14;1
79;433;14;1
80;434;14;2
1;319;15;1
2;323;15;11
3;322;15;8
4;138;15;8
5;131;15;19
13;104;15;15
14;112;15;1
16;203;15;1
18;348;15;1
19;137;15;1
22;347;15;2
24;328;15;1
29;365;15;3
30;330;15;4
31;83;15;2
33;85;15;2
39;180;15;2
40;175;15;2
42;300;15;1
44;263;15;1
46;271;15;1
48;260;15;1
49;261;15;1
50;249;15;1
51;246;15;3
52;278;15;18
54;409;15;1
55;417;15;4
57;389;15;1
60;9;15;1
70;68;15;1
72;179;15;1
73;221;15;3
79;433;15;2
80;434;15;1
2;323;16;11
3;322;16;4
4;138;16;19
5;131;16;14
10;132;16;3
12;131;16;3
13;104;16;10
18;348;16;2
22;347;16;1
24;328;16;1
27;81;16;1
28;371;16;1
30;330;16;2
37;87;16;1
39;180;16;1
40;175;16;2
42;300;16;1
44;263;16;1
45;262;16;1
47;245;16;1
48;260;16;1
50;249;16;4
51;246;16;1
52;278;16;9
53;411;16;3
63;24;16;1
64;8;16;1
67;132;16;2
68;69;16;1
72;179;16;3
2;323;17;12
3;322;17;10
4;138;17;10
5;131;17;13
11;133;17;1
12;131;17;1
13;104;17;13
17;345;17;1
39;180;17;1
40;175;17;1
43;301;17;2
44;263;17;1
48;260;17;1
49;261;17;3
50;249;17;3
51;246;17;2
52;278;17;13
53;411;17;2
54;409;17;6
55;417;17;1
59;14;17;1
63;24;17;1
64;8;17;1
71;214;17;1
72;179;17;1
73;221;17;1
76;434;17;1
80;434;17;1
1;319;18;1
2;323;18;12
3;322;18;10
4;138;18;17
5;131;18;14
8;118;18;2
12;131;18;4
13;104;18;12
15;302;18;2
18;348;18;1
20;345;18;1
21;5;18;1
22;347;18;1
24;328;18;1
28;371;18;1
29;365;18;1
30;330;18;1
31;83;18;1
34;232;18;3
36;117;18;1
37;87;18;1
38;167;18;1
39;180;18;1
40;175;18;2
49;261;18;2
50;249;18;2
52;278;18;8
53;411;18;3
54;409;18;3
58;382;18;2
60;9;18;1
64;8;18;1
67;132;18;1
70;68;18;1
72;179;18;3
73;221;18;1
75;433;18;1
79;433;18;1
80;434;18;1
2;323;19;1
4;138;19;3
5;131;19;4
12;131;19;1
13;104;19;3
29;365;19;1
32;84;19;2
39;180;19;1
40;175;19;1
48;260;19;2
52;278;19;2
55;417;19;1
58;382;19;1
73;221;19;2
3;322;20;3
4;138;20;1
5;131;20;1
10;132;20;1
13;104;20;1
15;302;20;1
18;348;20;1
28;371;20;1
40;175;20;1
48;260;20;1
51;246;20;1
52;278;20;2
81;431;20;1
2;323;21;5
3;322;21;2
4;138;21;7
5;131;21;2
12;131;21;1
13;104;21;2
16;203;21;1
32;84;21;1
44;263;21;1
50;249;21;1
52;278;21;2
53;411;21;1
58;382;21;1
67;132;21;1
80;434;21;1
2;323;22;1
3;322;22;1
5;131;22;1
5;131;23;2
13;104;23;1
43;301;23;1
49;261;23;1
53;411;23;1
39;180;24;1
62;13;24;1
5;131;25;1
34;232;25;1
50;249;25;1
65;46;25;1
10;132;26;1
81;431;26;1
54;409;27;1
55;417;27;1
5;131;28;1
13;104;28;1
44;263;28;1
52;278;28;1
2;323;29;8
3;322;29;5
4;138;29;4
5;131;29;11
13;104;29;8
18;348;29;1
30;330;29;2
37;87;29;1
39;180;29;2
40;175;29;1
42;300;29;1
45;262;29;1
49;261;29;1
50;249;29;2
51;246;29;1
52;278;29;10
53;411;29;1
55;417;29;1
62;13;29;1
64;8;29;1
66;159;29;1
68;69;29;1
73;221;29;1
74;434;29;1
77;432;29;1
1;319;30;1
2;323;30;6
3;322;30;9
4;138;30;8
5;131;30;8
6;140;30;1
12;131;30;1
13;104;30;8
16;203;30;1
21;5;30;1
27;81;30;1
30;330;30;3
40;175;30;3
41;298;30;1
47;245;30;1
49;261;30;1
50;249;30;1
52;278;30;7
53;411;30;1
54;409;30;1
55;417;30;1
60;9;30;1
65;46;30;1
80;434;30;2
2;323;31;6
3;322;31;4
4;138;31;11
5;131;31;7
6;140;31;1
9;132;31;1
12;131;31;1
13;104;31;13
18;348;31;1
19;137;31;1
26;326;31;1
29;365;31;1
30;330;31;3
36;117;31;1
37;87;31;1
38;167;31;1
40;175;31;2
41;298;31;1
46;271;31;1
47;245;31;1
49;261;31;1
50;249;31;1
52;278;31;2
53;411;31;1
58;382;31;1
60;9;31;1
65;46;31;1
67;132;31;1
68;69;31;2
71;214;31;1
73;221;31;1
82;431;31;1
1;319;32;2
2;323;32;8
3;322;32;13
4;138;32;10
5;131;32;7
12;131;32;1
13;104;32;14
16;203;32;1
23;139;32;1
27;81;32;1
29;365;32;3
30;330;32;1
36;117;32;1
37;87;32;2
39;180;32;2
40;175;32;3
41;298;32;1
45;262;32;1
46;271;32;2
49;261;32;3
50;249;32;1
51;246;32;3
52;278;32;14
55;417;32;3
57;389;32;1
58;382;32;2
59;14;32;2
60;9;32;1
65;46;32;2
66;159;32;1
70;68;32;1
72;179;32;2
73;221;32;3
76;434;32;1
78;433;32;1
2;323;33;17
3;322;33;14
4;138;33;17
5;131;33;7
12;131;33;2
13;104;33;9
15;302;33;1
20;345;33;1
21;5;33;1
22;347;33;1
26;326;33;1
29;365;33;4
30;330;33;2
34;232;33;2
36;117;33;1
39;180;33;1
40;175;33;2
41;298;33;1
42;300;33;1
46;271;33;1
48;260;33;1
49;261;33;2
50;249;33;2
51;246;33;1
52;278;33;6
53;411;33;1
54;409;33;3
55;417;33;3
66;159;33;2
67;132;33;1
74;434;33;1
75;433;33;2
81;431;33;1
2;323;34;18
3;322;34;13
4;138;34;20
5;131;34;12
6;140;34;1
7;119;34;3
8;118;34;1
12;131;34;1
13;104;34;15
18;348;34;1
20;345;34;3
21;5;34;2
22;347;34;1
25;328;34;1
26;326;34;1
29;365;34;4
30;330;34;1
33;85;34;1
38;167;34;1
39;180;34;2
40;175;34;1
44;263;34;1
45;262;34;1
49;261;34;2
51;246;34;1
52;278;34;8
54;409;34;1
55;417;34;2
58;382;34;1
63;24;34;1
64;8;34;2
68;69;34;1
70;68;34;1
72;179;34;2
73;221;34;4
77;432;34;1
81;431;34;1
82;431;34;1
83;431;34;2
2;323;35;14
3;322;35;8
4;138;35;14
5;131;35;16
6;140;35;1
8;118;35;1
11;133;35;1
12;131;35;2
13;104;35;13
15;302;35;2
17;345;35;1
18;348;35;1
19;137;35;1
23;139;35;1
25;328;35;1
26;326;35;1
28;371;35;1
29;365;35;1
37;87;35;1
39;180;35;2
40;175;35;2
41;298;35;1
44;263;35;1
45;262;35;1
46;271;35;1
49;261;35;1
50;249;35;5
51;246;35;2
52;278;35;8
53;411;35;4
54;409;35;3
55;417;35;1
56;325;35;1
58;382;35;2
59;14;35;1
63;24;35;1
65;46;35;1
67;132;35;1
68;69;35;1
69;70;35;1
70;68;35;1
71;214;35;1
72;179;35;5
73;221;35;2
77;432;35;1
79;433;35;1
80;434;35;2
83;431;35;1
1;319;36;1
2;323;36;13
3;322;36;12
4;138;36;14
5;131;36;17
7;119;36;1
12;131;36;3
13;104;36;11
14;112;36;1
17;345;36;1
22;347;36;1
23;139;36;2
25;328;36;1
29;365;36;3
33;85;36;1
39;180;36;3
40;175;36;3
45;262;36;1
49;261;36;1
50;249;36;3
52;278;36;19
53;411;36;2
54;409;36;4
55;417;36;2
56;325;36;1
57;389;36;1
58;382;36;2
62;13;36;2
67;132;36;1
68;69;36;1
72;179;36;2
73;221;36;2
75;433;36;1
76;434;36;1
80;434;36;2
83;431;36;1
2;323;37;16
3;322;37;12
4;138;37;15
5;131;37;12
12;131;37;3
13;104;37;9
15;302;37;1
23;139;37;1
24;328;37;1
26;326;37;1
33;85;37;1
34;232;37;1
36;117;37;1
39;180;37;1
48;260;37;1
49;261;37;2
50;249;37;1
51;246;37;2
52;278;37;13
54;409;37;3
58;382;37;2
61;29;37;1
65;46;37;1
66;159;37;1
70;68;37;1
71;214;37;1
72;179;37;1
73;221;37;2
74;434;37;1
78;433;37;2
80;434;37;1
82;431;37;2
83;431;37;1
2;323;38;11
3;322;38;18
4;138;38;20
5;131;38;13
6;140;38;1
8;118;38;1
9;132;38;1
10;132;38;1
13;104;38;12
14;112;38;1
18;348;38;1
19;137;38;1
20;345;38;2
29;365;38;2
30;330;38;4
32;84;38;1
33;85;38;2
34;232;38;1
37;87;38;1
39;180;38;2
40;175;38;1
42;300;38;1
43;301;38;1
44;263;38;1
47;245;38;1
50;249;38;3
52;278;38;11
54;409;38;2
55;417;38;1
58;382;38;1
62;13;38;2
63;24;38;2
64;8;38;1
70;68;38;1
72;179;38;2
73;221;38;2
75;433;38;1
77;432;38;2
2;323;39;16
3;322;39;9
4;138;39;17
5;131;39;11
7;119;39;1
9;132;39;1
13;104;39;15
19;137;39;1
24;328;39;1
26;326;39;1
30;330;39;1
31;83;39;1
34;232;39;1
35;87;39;1
39;180;39;2
40;175;39;1
41;298;39;1
42;300;39;1
43;301;39;1
49;261;39;2
51;246;39;1
52;278;39;18
53;411;39;2
54;409;39;1
55;417;39;2
57;389;39;1
58;382;39;2
61;29;39;3
63;24;39;2
67;132;39;1
68;69;39;1
69;70;39;1
73;221;39;2
76;434;39;1
77;432;39;2
80;434;39;1
2;323;40;12
3;322;40;14
4;138;40;16
5;131;40;16
8;118;40;2
9;132;40;1
10;132;40;1
12;131;40;2
13;104;40;13
15;302;40;2
16;203;40;2
17;345;40;1
20;345;40;1
25;328;40;1
28;371;40;1
29;365;40;1
30;330;40;1
31;83;40;1
33;85;40;1
35;87;40;1
42;300;40;1
46;271;40;1
49;261;40;1
50;249;40;1
51;246;40;2
52;278;40;14
53;411;40;1
54;409;40;1
55;417;40;2
58;382;40;1
61;29;40;1
63;24;40;1
66;159;40;1
69;70;40;1
70;68;40;1
72;179;40;3
73;221;40;1
75;433;40;1
78;433;40;2
79;433;40;1
82;431;40;1
83;431;40;1
1;319;41;1
2;323;41;13
3;322;41;17
4;138;41;13
5;131;41;18
11;133;41;1
12;131;41;4
13;104;41;9
14;112;41;1
17;345;41;1
21;5;41;1
22;347;41;1
27;81;41;1
28;371;41;1
29;365;41;2
30;330;41;2
31;83;41;2
33;85;41;1
34;232;41;1
35;87;41;1
36;117;41;1
37;87;41;1
38;167;41;1
39;180;41;4
40;175;41;1
43;301;41;2
44;263;41;1
46;271;41;1
49;261;41;2
50;249;41;5
51;246;41;3
52;278;41;6
53;411;41;3
54;409;41;3
55;417;41;2
57;389;41;1
58;382;41;3
59;14;41;1
61;29;41;1
63;24;41;1
68;69;41;1
72;179;41;5
73;221;41;1
76;434;41;1
77;432;41;1
79;433;41;1
82;431;41;1
2;323;42;20
3;322;42;11
4;138;42;18
5;131;42;9
10;132;42;1
11;133;42;1
13;104;42;14
17;345;42;1
22;347;42;1
24;328;42;1
30;330;42;2
39;180;42;3
40;175;42;2
43;301;42;3
46;271;42;1
47;245;42;1
48;260;42;1
49;261;42;3
50;249;42;1
52;278;42;18
53;411;42;1
54;409;42;2
56;325;42;1
58;382;42;6
62;13;42;1
67;132;42;1
72;179;42;2
73;221;42;3
76;434;42;1
81;431;42;1
2;323;43;4
3;322;43;4
4;138;43;3
5;131;43;2
13;104;43;2
16;203;43;1
37;87;43;1
50;249;43;1
52;278;43;2
57;389;43;1
58;382;43;1
1;319;44;1
2;323;44;4
3;322;44;2
4;138;44;2
5;131;44;5
12;131;44;1
13;104;44;3
24;328;44;1
29;365;44;1
30;330;44;1
36;117;44;1
38;167;44;1
40;175;44;1
50;249;44;1
52;278;44;1
58;382;44;1
71;214;44;1
73;221;44;1
78;433;44;1
2;323;45;4
3;322;45;4
4;138;45;6
5;131;45;2
13;104;45;2
26;326;45;1
34;232;45;1
50;249;45;1
52;278;45;3
55;417;45;1
76;434;45;2
4;138;46;1
12;131;46;1
53;411;46;1
58;382;46;1
3;322;47;1
12;131;47;1
53;411;47;1
3;322;48;3
4;138;48;1
5;131;48;2
13;104;48;1
21;5;48;1
52;278;48;2
61;29;48;1
5;131;49;1
13;104;49;2
29;365;49;1
49;261;49;1
52;278;49;1
66;159;49;1
3;322;50;1
13;104;50;1
18;348;50;1
32;84;50;1
49;261;50;1
52;278;50;1
67;132;50;1
71;214;50;1
73;221;50;1
77;432;50;1
51;246;51;1
52;278;51;2
4;138;52;1
5;131;52;1
13;104;52;1
48;260;52;1
67;132;52;1
1;319;53;1
2;323;53;5
3;322;53;4
4;138;53;4
5;131;53;6
13;104;53;5
29;365;53;3
30;330;53;1
39;180;53;1
40;175;53;1
41;298;53;2
45;262;53;1
49;261;53;1
51;246;53;1
52;278;53;7
53;411;53;1
55;417;53;1
62;13;53;1
66;159;53;1
69;70;53;1
2;323;54;6
3;322;54;8
4;138;54;5
5;131;54;5
7;119;54;3
12;131;54;1
13;104;54;7
15;302;54;1
31;83;54;1
39;180;54;2
40;175;54;1
42;300;54;1
50;249;54;3
51;246;54;1
52;278;54;9
53;411;54;1
54;409;54;3
58;382;54;2
61;29;54;2
64;8;54;1
68;69;54;1
76;434;54;1
1;319;55;2
2;323;55;7
3;322;55;5
4;138;55;5
5;131;55;5
11;133;55;2
12;131;55;1
13;104;55;3
30;330;55;1
39;180;55;2
43;301;55;1
49;261;55;1
51;246;55;3
52;278;55;2
53;411;55;1
55;417;55;2
58;382;55;2
71;214;55;1
72;179;55;1
75;433;55;1
2;323;56;12
3;322;56;14
4;138;56;9
5;131;56;11
6;140;56;1
11;133;56;1
12;131;56;2
13;104;56;15
17;345;56;1
19;137;56;1
22;347;56;2
25;328;56;1
29;365;56;3
30;330;56;2
32;84;56;1
34;232;56;1
39;180;56;3
40;175;56;1
46;271;56;1
47;245;56;2
49;261;56;1
50;249;56;2
51;246;56;2
52;278;56;11
55;417;56;3
58;382;56;4
59;14;56;1
60;9;56;1
61;29;56;1
64;8;56;1
68;69;56;2
69;70;56;2
71;214;56;1
72;179;56;2
73;221;56;3
74;434;56;1
77;432;56;1
79;433;56;3
83;431;56;2
2;323;57;14
3;322;57;16
4;138;57;16
5;131;57;20
7;119;57;1
9;132;57;1
10;132;57;1
11;133;57;1
12;131;57;1
13;104;57;24
15;302;57;1
21;5;57;1
24;328;57;2
25;328;57;1
29;365;57;4
30;330;57;2
38;167;57;1
39;180;57;2
40;175;57;3
45;262;57;2
47;245;57;1
49;261;57;1
50;249;57;2
51;246;57;3
52;278;57;18
53;411;57;2
54;409;57;1
55;417;57;4
56;325;57;1
58;382;57;3
72;179;57;1
78;433;57;1
82;431;57;1
2;323;58;19
3;322;58;22
4;138;58;14
5;131;58;13
10;132;58;2
12;131;58;2
13;104;58;15
15;302;58;2
20;345;58;1
22;347;58;2
27;81;58;1
29;365;58;1
30;330;58;2
36;117;58;1
37;87;58;1
39;180;58;5
40;175;58;3
41;298;58;1
42;300;58;1
47;245;58;2
50;249;58;3
51;246;58;2
52;278;58;23
53;411;58;3
54;409;58;2
55;417;58;3
58;382;58;3
59;14;58;1
65;46;58;1
71;214;58;1
72;179;58;1
73;221;58;1
74;434;58;3
76;434;58;1
78;433;58;1
80;434;58;1
1;319;59;1
2;323;59;23
3;322;59;14
4;138;59;17
5;131;59;16
6;140;59;1
11;133;59;2
12;131;59;4
13;104;59;11
19;137;59;1
21;5;59;1
23;139;59;1
27;81;59;1
28;371;59;2
29;365;59;3
30;330;59;4
33;85;59;1
34;232;59;1
35;87;59;1
37;87;59;1
39;180;59;2
41;298;59;1
44;263;59;1
49;261;59;2
50;249;59;4
51;246;59;1
52;278;59;13
53;411;59;3
54;409;59;2
55;417;59;1
56;325;59;1
58;382;59;1
61;29;59;1
65;46;59;1
67;132;59;1
70;68;59;1
72;179;59;2
73;221;59;1
75;433;59;2
76;434;59;1
78;433;59;1
1;319;60;1
2;323;60;12
3;322;60;23
4;138;60;22
5;131;60;16
10;132;60;1
11;133;60;1
12;131;60;4
13;104;60;20
14;112;60;1
16;203;60;1
19;137;60;1
23;139;60;2
24;328;60;1
25;328;60;2
26;326;60;1
27;81;60;1
29;365;60;2
30;330;60;1
31;83;60;1
34;232;60;3
35;87;60;1
36;117;60;2
39;180;60;4
40;175;60;1
46;271;60;1
49;261;60;2
50;249;60;3
51;246;60;5
52;278;60;20
53;411;60;1
54;409;60;3
56;325;60;1
57;389;60;1
59;14;60;1
62;13;60;1
66;159;60;1
69;70;60;1
73;221;60;1
76;434;60;2
77;432;60;1
78;433;60;2
1;319;61;1
2;323;61;18
3;322;61;25
4;138;61;20
5;131;61;27
6;140;61;1
9;132;61;1
12;131;61;2
13;104;61;17
14;112;61;1
16;203;61;1
17;345;61;1
18;348;61;2
19;137;61;1
21;5;61;2
22;347;61;1
23;139;61;1
24;328;61;1
25;328;61;1
28;371;61;1
29;365;61;3
30;330;61;3
32;84;61;1
33;85;61;1
35;87;61;2
36;117;61;1
37;87;61;1
38;167;61;1
40;175;61;1
41;298;61;2
43;301;61;3
44;263;61;1
45;262;61;1
48;260;61;1
49;261;61;1
50;249;61;1
51;246;61;2
52;278;61;19
53;411;61;2
54;409;61;2
55;417;61;1
63;24;61;1
67;132;61;1
68;69;61;1
69;70;61;2
72;179;61;1
75;433;61;1
81;431;61;1
1;319;62;2
2;323;62;20
3;322;62;5
4;138;62;10
5;131;62;15
12;131;62;1
13;104;62;16
17;345;62;1
18;348;62;1
22;347;62;1
24;328;62;2
25;328;62;1
26;326;62;1
30;330;62;2
31;83;62;1
33;85;62;1
34;232;62;1
36;117;62;2
40;175;62;2
44;263;62;1
47;245;62;1
49;261;62;2
50;249;62;4
51;246;62;2
52;278;62;16
53;411;62;1
54;409;62;4
55;417;62;2
56;325;62;1
58;382;62;5
67;132;62;1
70;68;62;1
72;179;62;3
73;221;62;2
74;434;62;1
77;432;62;1
78;433;62;1
80;434;62;1
81;431;62;1
83;431;62;1
2;323;63;17
3;322;63;15
4;138;63;14
5;131;63;11
9;132;63;1
11;133;63;1
12;131;63;5
13;104;63;15
14;112;63;1
16;203;63;2
18;348;63;2
21;5;63;1
22;347;63;1
24;328;63;1
29;365;63;2
32;84;63;1
34;232;63;1
38;167;63;2
39;180;63;2
40;175;63;3
41;298;63;1
42;300;63;1
44;263;63;2
45;262;63;2
46;271;63;2
47;245;63;1
49;261;63;6
50;249;63;3
51;246;63;2
52;278;63;12
53;411;63;2
54;409;63;1
55;417;63;2
56;325;63;1
57;389;63;1
58;382;63;3
59;14;63;2
64;8;63;1
66;159;63;1
67;132;63;1
72;179;63;3
73;221;63;1
80;434;63;1
81;431;63;1
2;323;64;16
3;322;64;18
4;138;64;16
5;131;64;18
6;140;64;1
9;132;64;1
12;131;64;2
13;104;64;12
14;112;64;1
17;345;64;1
19;137;64;2
24;328;64;1
26;326;64;1
27;81;64;1
29;365;64;5
30;330;64;2
31;83;64;1
37;87;64;1
38;167;64;1
39;180;64;2
40;175;64;4
41;298;64;1
42;300;64;1
47;245;64;1
48;260;64;1
49;261;64;1
51;246;64;5
52;278;64;7
54;409;64;1
55;417;64;2
56;325;64;1
57;389;64;1
58;382;64;1
65;46;64;1
67;132;64;1
68;69;64;1
70;68;64;1
72;179;64;1
73;221;64;1
76;434;64;1
79;433;64;1
81;431;64;1
1;319;65;1
2;323;65;16
3;322;65;16
4;138;65;10
5;131;65;18
6;140;65;1
8;118;65;1
12;131;65;1
13;104;65;9
14;112;65;1
19;137;65;1
20;345;65;1
21;5;65;1
23;139;65;2
26;326;65;1
27;81;65;3
29;365;65;3
30;330;65;1
38;167;65;1
39;180;65;4
40;175;65;2
49;261;65;6
50;249;65;2
51;246;65;2
52;278;65;23
53;411;65;2
54;409;65;3
55;417;65;1
57;389;65;1
58;382;65;2
60;9;65;2
64;8;65;1
66;159;65;1
67;132;65;1
72;179;65;2
73;221;65;1
75;433;65;1
76;434;65;1
77;432;65;2
1;319;66;1
2;323;66;9
3;322;66;15
4;138;66;21
5;131;66;21
9;132;66;1
10;132;66;1
11;133;66;1
13;104;66;16
14;112;66;1
16;203;66;1
19;137;66;2
22;347;66;1
25;328;66;1
27;81;66;1
28;371;66;1
29;365;66;2
30;330;66;2
32;84;66;2
35;87;66;1
37;87;66;1
38;167;66;1
39;180;66;2
42;300;66;2
43;301;66;1
49;261;66;5
51;246;66;4
52;278;66;15
53;411;66;6
54;409;66;4
55;417;66;4
62;13;66;1
63;24;66;1
65;46;66;2
69;70;66;4
71;214;66;2
72;179;66;2
73;221;66;2
81;431;66;2
82;431;66;1
2;323;67;1
3;322;67;3
4;138;67;5
5;131;67;3
11;133;67;1
12;131;67;1
13;104;67;4
32;84;67;1
38;167;67;1
39;180;67;1
50;249;67;1
51;246;67;1
52;278;67;2
54;409;67;1
58;382;67;1
66;159;67;1
2;323;68;3
3;322;68;1
4;138;68;1
5;131;68;2
15;302;68;1
30;330;68;2
50;249;68;1
52;278;68;4
53;411;68;1
54;409;68;1
61;29;68;1
2;323;69;1
3;322;69;2
4;138;69;2
5;131;69;2
12;131;69;1
13;104;69;5
32;84;69;2
40;175;69;1
49;261;69;1
51;246;69;1
54;409;69;1
55;417;69;1
58;382;69;1
67;132;69;1
68;69;69;1
69;70;69;1
2;323;70;1
4;138;70;1
5;131;70;1
12;131;70;1
52;278;70;1
72;179;70;1
2;323;71;1
3;322;71;2
5;131;71;2
25;328;71;1
2;323;72;1
5;131;72;2
13;104;72;1
33;85;72;1
4;138;73;1
13;104;73;1
30;330;73;1
52;278;73;2
64;8;73;1
81;431;73;1
12;131;74;1
13;104;74;1
24;328;74;1
52;278;74;1
54;409;74;1
13;104;75;1
55;417;75;1
13;104;76;1
52;278;76;1
80;434;76;1
2;323;77;7
3;322;77;5
4;138;77;7
5;131;77;7
11;133;77;2
12;131;77;4
13;104;77;10
24;328;77;1
27;81;77;1
29;365;77;2
30;330;77;3
38;167;77;1
39;180;77;1
45;262;77;1
50;249;77;1
51;246;77;1
52;278;77;5
53;411;77;2
54;409;77;2
55;417;77;1
58;382;77;1
63;24;77;1
64;8;77;2
67;132;77;1
72;179;77;1
73;221;77;3
79;433;77;1
81;431;77;2
82;431;77;1
2;323;78;9
3;322;78;7
4;138;78;5
5;131;78;8
6;140;78;1
7;119;78;1
10;132;78;1
12;131;78;1
13;104;78;12
24;328;78;1
30;330;78;1
32;84;78;1
39;180;78;2
40;175;78;2
42;300;78;1
44;263;78;2
45;262;78;2
46;271;78;1
47;245;78;1
49;261;78;1
50;249;78;2
51;246;78;1
52;278;78;8
53;411;78;1
55;417;78;1
58;382;78;1
61;29;78;1
62;13;78;1
73;221;78;1
74;434;78;1
83;431;78;1
2;323;79;9
3;322;79;12
4;138;79;7
5;131;79;3
6;140;79;1
9;132;79;1
10;132;79;1
12;131;79;1
13;104;79;9
15;302;79;1
16;203;79;1
26;326;79;1
27;81;79;1
29;365;79;3
30;330;79;1
36;117;79;1
40;175;79;2
47;245;79;1
49;261;79;2
50;249;79;2
52;278;79;11
53;411;79;1
54;409;79;1
63;24;79;1
64;8;79;1
72;179;79;2
81;431;79;1
82;431;79;1
1;319;80;1
2;323;80;14
3;322;80;22
4;138;80;14
5;131;80;18
12;131;80;4
13;104;80;11
17;345;80;1
24;328;80;1
26;326;80;1
28;371;80;1
29;365;80;5
30;330;80;4
31;83;80;2
33;85;80;1
34;232;80;1
39;180;80;2
40;175;80;4
49;261;80;2
50;249;80;2
51;246;80;2
52;278;80;18
54;409;80;2
55;417;80;5
57;389;80;1
58;382;80;3
60;9;80;1
63;24;80;1
66;159;80;1
69;70;80;2
70;68;80;1
71;214;80;2
72;179;80;3
73;221;80;2
74;434;80;1
75;433;80;1
76;434;80;1
81;431;80;1
83;431;80;1
2;323;81;19
3;322;81;19
4;138;81;22
5;131;81;20
6;140;81;2
12;131;81;5
13;104;81;23
15;302;81;1
18;348;81;1
20;345;81;1
25;328;81;1
26;326;81;2
27;81;81;1
29;365;81;2
30;330;81;2
31;83;81;1
33;85;81;1
34;232;81;1
35;87;81;1
39;180;81;1
40;175;81;4
43;301;81;2
44;263;81;1
45;262;81;2
46;271;81;1
48;260;81;1
49;261;81;4
50;249;81;1
51;246;81;3
52;278;81;16
53;411;81;2
54;409;81;1
55;417;81;3
56;325;81;1
58;382;81;6
59;14;81;2
65;46;81;2
66;159;81;1
68;69;81;1
70;68;81;1
71;214;81;1
73;221;81;2
75;433;81;1
77;432;81;1
78;433;81;2
79;433;81;1
81;431;81;1
1;319;82;1
2;323;82;17
3;322;82;15
4;138;82;10
5;131;82;22
6;140;82;2
8;118;82;2
10;132;82;1
12;131;82;4
13;104;82;10
14;112;82;1
15;302;82;1
18;348;82;1
19;137;82;2
22;347;82;1
24;328;82;1
29;365;82;1
30;330;82;4
31;83;82;1
35;87;82;1
36;117;82;1
37;87;82;1
38;167;82;1
39;180;82;3
44;263;82;1
45;262;82;1
47;245;82;1
48;260;82;1
50;249;82;2
51;246;82;2
52;278;82;10
53;411;82;1
54;409;82;2
55;417;82;2
63;24;82;1
64;8;82;1
65;46;82;1
67;132;82;3
68;69;82;1
71;214;82;1
72;179;82;2
73;221;82;2
74;434;82;1
75;433;82;1
76;434;82;1
79;433;82;1
82;431;82;1
2;323;83;17
3;322;83;16
4;138;83;13
5;131;83;13
6;140;83;1
7;119;83;3
9;132;83;2
10;132;83;1
11;133;83;1
12;131;83;1
13;104;83;14
14;112;83;1
15;302;83;1
16;203;83;1
17;345;83;2
19;137;83;1
20;345;83;1
21;5;83;1
23;139;83;1
25;328;83;1
26;326;83;1
28;371;83;1
29;365;83;1
30;330;83;2
35;87;83;2
38;167;83;1
39;180;83;1
40;175;83;3
46;271;83;1
48;260;83;2
50;249;83;3
51;246;83;3
52;278;83;23
53;411;83;3
54;409;83;2
55;417;83;1
56;325;83;1
58;382;83;1
60;9;83;1
61;29;83;1
66;159;83;1
67;132;83;1
70;68;83;1
71;214;83;1
72;179;83;2
73;221;83;3
77;432;83;1
78;433;83;2
81;431;83;1
82;431;83;1
83;431;83;1
2;323;84;12
3;322;84;16
4;138;84;14
5;131;84;12
8;118;84;1
13;104;84;20
21;5;84;1
26;326;84;1
28;371;84;1
29;365;84;2
30;330;84;3
31;83;84;1
33;85;84;4
37;87;84;1
39;180;84;1
40;175;84;2
43;301;84;1
44;263;84;1
47;245;84;2
49;261;84;3
52;278;84;24
53;411;84;1
55;417;84;2
57;389;84;1
58;382;84;3
59;14;84;1
67;132;84;1
71;214;84;2
72;179;84;1
73;221;84;2
74;434;84;1
76;434;84;2
78;433;84;2
81;431;84;3
82;431;84;1
2;323;85;8
3;322;85;10
4;138;85;15
5;131;85;15
7;119;85;1
8;118;85;1
10;132;85;1
11;133;85;1
12;131;85;1
13;104;85;19
19;137;85;1
20;345;85;1
21;5;85;1
29;365;85;2
30;330;85;4
31;83;85;1
33;85;85;1
34;232;85;1
35;87;85;1
39;180;85;3
40;175;85;2
41;298;85;1
43;301;85;1
44;263;85;1
45;262;85;1
47;245;85;1
49;261;85;1
51;246;85;1
52;278;85;24
54;409;85;3
57;389;85;1
58;382;85;2
59;14;85;1
60;9;85;1
61;29;85;1
70;68;85;1
72;179;85;1
75;433;85;2
82;431;85;2
2;323;86;20
3;322;86;11
4;138;86;12
5;131;86;19
8;118;86;2
10;132;86;1
11;133;86;1
12;131;86;2
13;104;86;17
16;203;86;1
18;348;86;1
21;5;86;3
24;328;86;1
28;371;86;2
29;365;86;1
30;330;86;2
39;180;86;2
40;175;86;2
43;301;86;1
44;263;86;1
49;261;86;3
50;249;86;2
51;246;86;2
52;278;86;18
53;411;86;3
54;409;86;1
55;417;86;2
56;325;86;3
57;389;86;1
58;382;86;1
60;9;86;1
61;29;86;1
63;24;86;1
66;159;86;1
67;132;86;1
70;68;86;2
72;179;86;2
73;221;86;1
76;434;86;1
79;433;86;1
82;431;86;1
83;431;86;2
2;323;87;14
3;322;87;16
4;138;87;11
5;131;87;17
7;119;87;2
8;118;87;1
12;131;87;1
13;104;87;16
20;345;87;2
29;365;87;2
38;167;87;1
40;175;87;2
45;262;87;1
48;260;87;1
49;261;87;1
50;249;87;2
51;246;87;1
52;278;87;16
53;411;87;3
55;417;87;1
58;382;87;3
59;14;87;1
62;13;87;1
65;46;87;1
66;159;87;1
67;132;87;1
74;434;87;2
75;433;87;1
76;434;87;2
78;433;87;2
79;433;87;1
80;434;87;1
82;431;87;1
83;431;87;1
2;323;88;6
3;322;88;11
4;138;88;9
5;131;88;8
9;132;88;2
10;132;88;1
11;133;88;1
12;131;88;1
13;104;88;19
18;348;88;1
20;345;88;1
23;139;88;1
27;81;88;1
28;371;88;1
29;365;88;5
30;330;88;1
32;84;88;1
36;117;88;1
39;180;88;3
46;271;88;1
49;261;88;1
50;249;88;2
51;246;88;1
52;278;88;11
54;409;88;1
55;417;88;3
56;325;88;1
58;382;88;1
60;9;88;1
70;68;88;1
71;214;88;1
72;179;88;2
73;221;88;3
80;434;88;1
83;431;88;1
2;323;89;14
3;322;89;9
4;138;89;17
5;131;89;8
7;119;89;1
8;118;89;1
9;132;89;1
10;132;89;1
11;133;89;1
13;104;89;7
19;137;89;1
22;347;89;1
29;365;89;4
30;330;89;1
33;85;89;1
35;87;89;2
39;180;89;2
40;175;89;1
50;249;89;1
51;246;89;1
52;278;89;10
53;411;89;1
54;409;89;2
55;417;89;3
57;389;89;1
58;382;89;2
61;29;89;1
63;24;89;1
65;46;89;1
70;68;89;1
72;179;89;1
73;221;89;1
78;433;89;1
82;431;89;1
83;431;89;1
2;323;90;7
3;322;90;17
4;138;90;16
5;131;90;15
6;140;90;1
8;118;90;1
9;132;90;1
11;133;90;1
12;131;90;2
13;104;90;13
15;302;90;1
16;203;90;2
17;345;90;1
18;348;90;1
20;345;90;1
21;5;90;1
23;139;90;2
25;328;90;2
30;330;90;2
37;87;90;1
39;180;90;2
40;175;90;3
50;249;90;2
52;278;90;15
53;411;90;2
54;409;90;5
55;417;90;1
58;382;90;2
62;13;90;1
66;159;90;1
68;69;90;1
72;179;90;1
73;221;90;1
75;433;90;1
82;431;90;1
2;323;91;4
3;322;91;2
5;131;91;3
6;140;91;1
12;131;91;1
13;104;91;3
14;112;91;1
36;117;91;1
52;278;91;4
53;411;91;1
72;179;91;2
2;323;92;6
3;322;92;2
5;131;92;3
9;132;92;1
12;131;92;1
13;104;92;2
30;330;92;1
39;180;92;1
42;300;92;1
44;263;92;1
46;271;92;3
52;278;92;3
56;325;92;1
57;389;92;1
64;8;92;1
68;69;92;1
83;431;92;1
2;323;93;4
3;322;93;3
4;138;93;4
5;131;93;4
13;104;93;2
35;87;93;1
51;246;93;1
52;278;93;3
53;411;93;1
57;389;93;1
73;221;93;2
4;138;94;2
5;131;94;3
13;104;94;1
49;261;94;1
51;246;94;1
52;278;94;1
54;409;94;1
58;382;94;1
2;323;95;1
4;138;95;1
5;131;95;1
15;302;95;1
39;180;95;1
52;278;95;1
53;411;95;1
55;417;95;1
68;69;95;1
2;323;96;1
5;131;96;1
13;104;96;1
72;179;96;1
12;131;97;1
13;104;97;1
52;278;97;1
30;330;98;1
52;278;98;1
17;345;99;1
41;298;99;1
73;221;99;1
2;323;100;1
3;322;100;1
26;326;100;1
52;278;100;1
71;214;100;1
1;319;101;1
2;323;101;14
3;322;101;8
4;138;101;9
5;131;101;5
9;132;101;2
12;131;101;1
13;104;101;5
17;345;101;1
18;348;101;1
29;365;101;2
30;330;101;1
32;84;101;1
38;167;101;1
39;180;101;1
40;175;101;1
41;298;101;1
43;301;101;2
47;245;101;1
50;249;101;1
51;246;101;1
52;278;101;6
53;411;101;1
55;417;101;4
56;325;101;2
58;382;101;1
62;13;101;1
65;46;101;1
72;179;101;2
73;221;101;1
78;433;101;2
1;319;102;1
2;323;102;11
3;322;102;9
4;138;102;7
5;131;102;8
9;132;102;1
12;131;102;1
13;104;102;8
24;328;102;1
25;328;102;1
26;326;102;1
29;365;102;1
30;330;102;2
31;83;102;1
35;87;102;1
39;180;102;1
41;298;102;1
42;300;102;1
49;261;102;2
50;249;102;3
51;246;102;3
52;278;102;9
53;411;102;1
58;382;102;1
59;14;102;1
61;29;102;1
72;179;102;1
73;221;102;2
75;433;102;1
76;434;102;1
2;323;103;9
3;322;103;7
4;138;103;9
5;131;103;7
6;140;103;1
8;118;103;1
13;104;103;6
24;328;103;1
27;81;103;1
32;84;103;1
40;175;103;2
42;300;103;1
49;261;103;1
50;249;103;1
51;246;103;1
52;278;103;12
54;409;103;2
57;389;103;1
58;382;103;1
60;9;103;1
71;214;103;1
73;221;103;1
80;434;103;1
2;323;104;17
3;322;104;21
4;138;104;20
5;131;104;19
12;131;104;2
13;104;104;14
16;203;104;2
19;137;104;1
20;345;104;1
21;5;104;1
22;347;104;1
23;139;104;1
27;81;104;1
29;365;104;1
33;85;104;1
35;87;104;2
38;167;104;1
39;180;104;3
40;175;104;4
41;298;104;2
42;300;104;2
46;271;104;1
49;261;104;1
50;249;104;2
51;246;104;4
52;278;104;20
53;411;104;2
54;409;104;2
55;417;104;1
57;389;104;2
58;382;104;1
60;9;104;1
63;24;104;1
65;46;104;2
68;69;104;1
69;70;104;2
72;179;104;2
73;221;104;6
79;433;104;1
82;431;104;1
1;319;105;1
2;323;105;19
3;322;105;26
4;138;105;17
5;131;105;24
12;131;105;2
13;104;105;26
14;112;105;1
17;345;105;1
24;328;105;1
25;328;105;1
27;81;105;1
33;85;105;1
34;232;105;1
36;117;105;1
38;167;105;1
39;180;105;1
40;175;105;3
44;263;105;1
49;261;105;2
50;249;105;2
51;246;105;4
52;278;105;10
53;411;105;1
56;325;105;2
58;382;105;3
60;9;105;1
61;29;105;2
62;13;105;1
63;24;105;1
64;8;105;1
72;179;105;2
73;221;105;3
80;434;105;1
81;431;105;1
83;431;105;1
2;323;106;15
3;322;106;18
4;138;106;13
5;131;106;9
8;118;106;1
10;132;106;2
11;133;106;1
13;104;106;22
14;112;106;1
16;203;106;1
17;345;106;1
18;348;106;1
21;5;106;1
22;347;106;1
29;365;106;1
30;330;106;3
33;85;106;1
34;232;106;1
36;117;106;1
37;87;106;1
39;180;106;2
40;175;106;2
41;298;106;2
43;301;106;1
45;262;106;1
46;271;106;1
48;260;106;2
49;261;106;3
52;278;106;17
53;411;106;5
54;409;106;2
55;417;106;2
56;325;106;1
58;382;106;2
59;14;106;1
62;13;106;1
64;8;106;1
66;159;106;1
69;70;106;1
72;179;106;2
73;221;106;6
77;432;106;1
78;433;106;1
79;433;106;1
83;431;106;1
2;323;107;17
3;322;107;16
4;138;107;19
5;131;107;19
6;140;107;1
8;118;107;2
9;132;107;2
11;133;107;1
12;131;107;2
13;104;107;14
16;203;107;1
17;345;107;1
18;348;107;1
22;347;107;1
23;139;107;1
29;365;107;2
30;330;107;1
31;83;107;2
34;232;107;1
35;87;107;1
36;117;107;1
37;87;107;1
38;167;107;2
39;180;107;2
40;175;107;1
46;271;107;1
48;260;107;1
49;261;107;2
51;246;107;2
52;278;107;9
53;411;107;3
54;409;107;2
55;417;107;5
56;325;107;1
57;389;107;2
58;382;107;2
59;14;107;2
60;9;107;1
61;29;107;1
63;24;107;1
67;132;107;1
70;68;107;1
72;179;107;4
76;434;107;1
77;432;107;1
79;433;107;1
2;323;108;11
3;322;108;27
4;138;108;18
5;131;108;20
7;119;108;1
8;118;108;2
9;132;108;1
12;131;108;2
13;104;108;17
14;112;108;1
15;302;108;2
17;345;108;1
19;137;108;1
22;347;108;3
28;371;108;1
30;330;108;2
38;167;108;1
39;180;108;3
40;175;108;2
41;298;108;1
49;261;108;3
51;246;108;2
52;278;108;21
53;411;108;4
54;409;108;1
55;417;108;2
64;8;108;1
65;46;108;1
66;159;108;1
67;132;108;2
68;69;108;1
69;70;108;2
72;179;108;1
73;221;108;1
74;434;108;1
75;433;108;2
77;432;108;1
79;433;108;2
80;434;108;1
81;431;108;1
82;431;108;2
83;431;108;1
2;323;109;14
3;322;109;15
4;138;109;14
5;131;109;9
10;132;109;1
13;104;109;18
17;345;109;2
23;139;109;2
28;371;109;2
29;365;109;2
30;330;109;3
32;84;109;2
37;87;109;1
39;180;109;2
40;175;109;1
49;261;109;1
50;249;109;3
51;246;109;3
52;278;109;8
53;411;109;3
54;409;109;1
57;389;109;1
58;382;109;2
59;14;109;1
62;13;109;1
64;8;109;1
71;214;109;1
72;179;109;1
73;221;109;2
77;432;109;2
2;323;110;11
3;322;110;11
4;138;110;16
5;131;110;11
7;119;110;2
9;132;110;3
13;104;110;7
17;345;110;1
19;137;110;1
20;345;110;1
21;5;110;1
23;139;110;1
25;328;110;2
28;371;110;1
29;365;110;1
30;330;110;2
37;87;110;2
38;167;110;1
39;180;110;1
40;175;110;2
43;301;110;1
45;262;110;1
46;271;110;1
48;260;110;1
49;261;110;1
50;249;110;4
51;246;110;1
52;278;110;16
53;411;110;4
54;409;110;2
55;417;110;1
58;382;110;3
60;9;110;1
61;29;110;2
62;13;110;1
64;8;110;2
66;159;110;2
73;221;110;1
74;434;110;1
80;434;110;1
81;431;110;1
2;323;111;17
3;322;111;21
4;138;111;13
5;131;111;19
6;140;111;1
8;118;111;1
11;133;111;1
12;131;111;1
13;104;111;17
20;345;111;1
21;5;111;1
24;328;111;1
25;328;111;1
26;326;111;2
27;81;111;1
29;365;111;5
30;330;111;1
32;84;111;1
34;232;111;1
35;87;111;1
36;117;111;1
37;87;111;1
40;175;111;1
42;300;111;1
48;260;111;1
49;261;111;2
50;249;111;2
51;246;111;1
52;278;111;17
53;411;111;1
54;409;111;1
55;417;111;1
57;389;111;1
58;382;111;2
62;13;111;1
64;8;111;1
65;46;111;1
70;68;111;1
72;179;111;2
73;221;111;3
74;434;111;1
75;433;111;1
79;433;111;1
83;431;111;2
2;323;112;8
3;322;112;5
4;138;112;11
5;131;112;4
7;119;112;2
10;132;112;1
12;131;112;2
13;104;112;9
15;302;112;1
17;345;112;3
23;139;112;1
24;328;112;1
26;326;112;1
29;365;112;1
35;87;112;2
36;117;112;1
39;180;112;3
40;175;112;1
44;263;112;1
47;245;112;2
51;246;112;1
52;278;112;9
53;411;112;1
54;409;112;1
59;14;112;1
60;9;112;2
67;132;112;1
72;179;112;2
73;221;112;1
2;323;113;8
3;322;113;4
4;138;113;7
5;131;113;9
12;131;113;1
13;104;113;8
15;302;113;2
25;328;113;1
28;371;113;1
29;365;113;1
30;330;113;1
31;83;113;1
32;84;113;1
39;180;113;1
48;260;113;1
49;261;113;1
50;249;113;1
51;246;113;1
52;278;113;2
53;411;113;1
54;409;113;3
55;417;113;2
58;382;113;1
60;9;113;1
66;159;113;1
68;69;113;1
70;68;113;1
72;179;113;2
75;433;113;1
77;432;113;1
79;433;113;1
81;431;113;1
2;323;114;8
3;322;114;5
4;138;114;7
5;131;114;7
12;131;114;2
13;104;114;6
14;112;114;1
19;137;114;1
21;5;114;1
24;328;114;1
30;330;114;1
39;180;114;1
40;175;114;1
41;298;114;1
42;300;114;1
47;245;114;1
49;261;114;1
50;249;114;1
51;246;114;1
52;278;114;4
53;411;114;1
54;409;114;1
55;417;114;3
56;325;114;1
67;132;114;1
72;179;114;1
73;221;114;2
79;433;114;1
2;323;115;1
8;118;115;1
13;104;115;1
37;87;115;1
39;180;115;1
52;278;115;3
54;409;115;1
55;417;115;2
58;382;115;1
62;13;115;1
73;221;115;1
2;323;116;1
3;322;116;2
4;138;116;2
5;131;116;3
13;104;116;2
20;345;116;1
31;83;116;1
39;180;116;1
51;246;116;1
52;278;116;1
59;14;116;1
83;431;116;1
2;323;117;1
3;322;117;2
5;131;117;4
13;104;117;1
20;345;117;1
22;347;117;1
23;139;117;1
41;298;117;1
52;278;117;1
55;417;117;1
3;322;118;3
54;409;118;1
57;389;118;1
2;323;119;1
4;138;119;1
52;278;119;1
2;323;120;1
3;322;120;1
4;138;120;2
5;131;120;1
13;104;120;1
56;325;120;1
2;323;121;1
52;278;121;1
5;131;122;1
13;104;122;3
74;434;122;1
2;323;123;1
4;138;123;1
5;131;123;1
31;83;123;1
41;298;123;1
49;261;123;1
55;417;123;1
2;323;124;2
4;138;124;1
13;104;124;1
39;180;124;1
51;246;124;1
66;159;124;1
2;323;125;2
3;322;125;2
4;138;125;2
5;131;125;2
12;131;125;1
13;104;125;4
24;328;125;1
51;246;125;1
52;278;125;1
2;323;126;3
3;322;126;1
4;138;126;3
5;131;126;1
7;119;126;1
13;104;126;3
20;345;126;1
26;326;126;1
28;371;126;1
49;261;126;1
52;278;126;3
58;382;126;1
75;433;126;1
2;323;127;3
3;322;127;3
4;138;127;4
5;131;127;1
13;104;127;2
19;137;127;1
27;81;127;1
30;330;127;1
34;232;127;1
52;278;127;4
54;409;127;1
55;417;127;1
62;13;127;1
72;179;127;1
81;431;127;1
2;323;128;7
3;322;128;8
4;138;128;3
5;131;128;7
7;119;128;1
12;131;128;3
13;104;128;4
27;81;128;1
28;371;128;1
29;365;128;1
34;232;128;1
39;180;128;1
42;300;128;2
43;301;128;1
51;246;128;1
52;278;128;4
58;382;128;2
62;13;128;1
72;179;128;1
75;433;128;1
1;319;129;1
2;323;129;4
3;322;129;8
4;138;129;8
5;131;129;1
9;132;129;1
13;104;129;5
14;112;129;1
16;203;129;1
18;348;129;1
25;328;129;1
28;371;129;1
29;365;129;1
40;175;129;2
49;261;129;1
50;249;129;1
51;246;129;1
52;278;129;7
53;411;129;1
60;9;129;1
62;13;129;1
63;24;129;1
66;159;129;1
67;132;129;2
75;433;129;1
2;323;130;8
3;322;130;6
4;138;130;2
5;131;130;1
13;104;130;4
14;112;130;2
34;232;130;1
35;87;130;1
39;180;130;1
40;175;130;1
44;263;130;1
49;261;130;1
52;278;130;4
56;325;130;1
58;382;130;3
59;14;130;1
66;159;130;1
72;179;130;1
76;434;130;1
2;323;131;3
3;322;131;4
4;138;131;5
5;131;131;4
7;119;131;1
13;104;131;8
29;365;131;2
30;330;131;3
37;87;131;1
40;175;131;1
47;245;131;1
49;261;131;1
52;278;131;7
53;411;131;4
55;417;131;2
58;382;131;1
60;9;131;1
63;24;131;1
64;8;131;1
66;159;131;1
68;69;131;1
70;68;131;1
71;214;131;1
72;179;131;1
73;221;131;1
74;434;131;1
2;323;132;5
3;322;132;10
4;138;132;3
5;131;132;8
10;132;132;1
13;104;132;5
14;112;132;1
22;347;132;1
26;326;132;1
30;330;132;3
40;175;132;2
42;300;132;1
44;263;132;1
52;278;132;4
54;409;132;1
55;417;132;1
58;382;132;1
80;434;132;1
2;323;133;4
3;322;133;3
4;138;133;5
5;131;133;7
12;131;133;1
13;104;133;5
29;365;133;2
40;175;133;3
48;260;133;1
51;246;133;1
52;278;133;2
58;382;133;2
60;9;133;1
65;46;133;1
68;69;133;1
73;221;133;1
79;433;133;1
2;323;134;2
3;322;134;6
4;138;134;2
5;131;134;7
12;131;134;2
13;104;134;2
14;112;134;1
19;137;134;1
23;139;134;2
32;84;134;1
40;175;134;1
45;262;134;1
49;261;134;2
52;278;134;5
54;409;134;1
55;417;134;1
58;382;134;1
63;24;134;2
72;179;134;1
2;323;135;6
3;322;135;4
4;138;135;6
5;131;135;4
12;131;135;1
13;104;135;1
28;371;135;1
29;365;135;1
30;330;135;2
39;180;135;1
40;175;135;1
44;263;135;1
47;245;135;1
51;246;135;1
52;278;135;6
53;411;135;1
55;417;135;1
57;389;135;1
72;179;135;1
73;221;135;1
2;323;136;1
3;322;136;2
4;138;136;2
5;131;136;1
10;132;136;1
13;104;136;1
17;345;136;1
23;139;136;1
24;328;136;1
30;330;136;1
45;262;136;1
50;249;136;1
52;278;136;1
53;411;136;2
55;417;136;1
60;9;136;1
61;29;136;1
70;68;136;1
72;179;136;1
2;323;137;3
3;322;137;6
4;138;137;2
5;131;137;2
13;104;137;6
49;261;137;1
50;249;137;1
52;278;137;5
53;411;137;1
67;132;137;1
72;179;137;1
73;221;137;1
80;434;137;1
2;323;138;1
3;322;138;3
4;138;138;4
5;131;138;6
6;140;138;1
7;119;138;1
11;133;138;1
13;104;138;3
28;371;138;1
30;330;138;1
32;84;138;1
49;261;138;1
51;246;138;1
52;278;138;3
82;431;138;1
3;322;139;2
13;104;139;1
25;328;139;1
39;180;139;2
65;46;139;1
2;323;140;2
5;131;140;1
13;104;140;2
52;278;140;2
55;417;140;1
72;179;140;1
78;433;140;1
2;323;141;1
3;322;141;1
4;138;141;1
5;131;141;2
13;104;141;1
50;249;141;1
52;278;141;1
2;323;142;1
5;131;142;1
52;278;142;1
3;322;143;1
4;138;143;1
5;131;143;1
52;278;143;1
4;138;144;1
38;167;144;1
77;432;144;1
13;104;146;2
2;323;147;1
13;104;147;1
52;278;147;1
52;278;148;1
2;323;149;1
3;322;149;2
4;138;149;1
13;104;149;1
16;203;149;1
20;345;149;1
29;365;149;1
30;330;149;1
49;261;149;2
58;382;149;1
63;24;149;1
72;179;149;1
74;434;149;1
2;323;150;2
3;322;150;1
4;138;150;1
5;131;150;1
19;137;150;1
26;326;150;1
40;175;150;1
48;260;150;1
52;278;150;2
69;70;150;1
72;179;150;3
2;323;151;1
3;322;151;2
4;138;151;4
5;131;151;1
13;104;151;2
29;365;151;1
52;278;151;3
69;70;151;1
82;431;151;1
2;323;152;3
3;322;152;3
4;138;152;1
5;131;152;3
13;104;152;2
16;203;152;1
20;345;152;1
49;261;152;1
52;278;152;3
54;409;152;1
58;382;152;1
60;9;152;1
2;323;153;1
3;322;153;2
4;138;153;3
5;131;153;1
31;83;153;1
45;262;153;1
49;261;153;1
52;278;153;3
65;46;153;1
67;132;153;1
72;179;153;1
1;319;154;1
2;323;154;1
3;322;154;2
4;138;154;1
5;131;154;6
12;131;154;1
13;104;154;8
43;301;154;1
45;262;154;1
49;261;154;2
52;278;154;2
67;132;154;1
69;70;154;1
76;434;154;1
81;431;154;1
2;323;155;1
3;322;155;5
4;138;155;5
5;131;155;2
13;104;155;3
49;261;155;2
50;249;155;1
52;278;155;1
53;411;155;1
58;382;155;1
62;13;155;1
2;323;156;2
3;322;156;1
4;138;156;2
5;131;156;5
13;104;156;1
25;328;156;1
27;81;156;1
50;249;156;1
52;278;156;4
73;221;156;1
2;323;157;3
3;322;157;4
4;138;157;2
5;131;157;2
6;140;157;1
8;118;157;1
13;104;157;6
26;326;157;1
29;365;157;1
30;330;157;2
32;84;157;1
40;175;157;1
49;261;157;1
52;278;157;4
55;417;157;1
2;323;158;5
3;322;158;2
4;138;158;1
5;131;158;2
13;104;158;3
22;347;158;1
25;328;158;1
27;81;158;1
30;330;158;1
38;167;158;1
40;175;158;1
49;261;158;2
52;278;158;7
54;409;158;1
72;179;158;2
78;433;158;1
2;323;159;3
3;322;159;4
4;138;159;1
13;104;159;4
29;365;159;2
40;175;159;1
41;298;159;1
49;261;159;1
50;249;159;1
52;278;159;4
53;411;159;1
59;14;159;1
60;9;159;1
73;221;159;1
74;434;159;1
2;323;160;2
3;322;160;2
5;131;160;6
13;104;160;4
28;371;160;1
29;365;160;1
32;84;160;1
34;232;160;1
36;117;160;1
39;180;160;1
49;261;160;1
50;249;160;1
52;278;160;4
53;411;160;2
54;409;160;1
55;417;160;1
72;179;160;1
2;323;161;3
3;322;161;2
4;138;161;2
10;132;161;1
12;131;161;2
13;104;161;4
20;345;161;1
23;139;161;1
40;175;161;1
45;262;161;1
52;278;161;2
53;411;161;1
68;69;161;1
79;433;161;1
82;431;161;1
1;319;162;1
2;323;162;4
3;322;162;5
4;138;162;3
5;131;162;3
13;104;162;7
14;112;162;1
36;117;162;1
49;261;162;1
50;249;162;1
52;278;162;1
58;382;162;1
72;179;162;1
76;434;162;1
82;431;162;1
3;322;163;1
4;138;163;1
5;131;163;1
13;104;163;1
50;249;163;1
55;417;163;1
2;323;164;2
3;322;164;2
4;138;164;2
5;131;164;3
14;112;164;1
49;261;164;2
52;278;164;3
55;417;164;1
58;382;164;1
2;323;165;2
3;322;165;4
4;138;165;1
5;131;165;2
13;104;165;3
33;85;165;1
40;175;165;1
50;249;165;1
52;278;165;1
50;249;167;1
71;214;167;1
73;221;167;1
